Participant_ID,age,sex,race,race_text_response,race_combined,hispanic,CTQ_Emotional_Abuse,CTQ_Physical_Abuse,CTQ_Sexual_Abuse,CTQ_Emotional_Neglect,CTQ_Physical_Neglect,CTQ_Total,CTQ_Total_z,CTQ_log,CTQ_log_z,HONOS_total,HONOS_total_z,task_version,number_angrytrials_shown,number_angrytrials_responses,number_surprisedtrials_shown,number_surprisedtrials_responses,number_happytrials_shown,number_happytrials_responses,total_missedresponses,Percent_Angry_Correct,Percent_Happy_Correct,Percent_Happy_Incorrect,Percent_Surprised_Negative,Percent_Surprised_Positive,angry_rt_average,angry_rt_sd,happy_rt_average,happy_rt_sd,surprised_rt_average,surprised_rt_sd,unambiguous_rt_average,unambiguous_rt_sd,all_positive_rating_rt_sd,all_negative_rating_rt_sd,surprised_positive_rating_rt_sd,surprised_negative_rating_rt_sd,overall_rt_average,overall_rt_sd,Percent_Surprised_Negative_Z,AO_SUR_average_amy_R_Thr50_fisher_z,HO_SUR_average_amy_R_Thr50_fisher_z,AO_HO_average_amy_R_Thr50_fisher_z,AO_SUR_average_amy_L_Thr50_fisher_z,HO_SUR_average_amy_L_Thr50_fisher_z,AO_HO_average_amy_L_Thr50_fisher_z,AO_SUR_average_accumbens_R_Thr25_fisher_z,HO_SUR_average_accumbens_R_Thr25_fisher_z,AO_HO_average_accumbens_R_Thr25_fisher_z,AO_SUR_average_accumbens_L_Thr25_fisher_z,HO_SUR_average_accumbens_L_Thr25_fisher_z,AO_HO_average_accumbens_L_Thr25_fisher_z,AO_SUR_average_anteriorinsula_R_xu2021_fisher_z,HO_SUR_average_anteriorinsula_R_xu2021_fisher_z,AO_HO_average_anteriorinsula_R_xu2021_fisher_z,AO_SUR_average_anteriorinsula_L_xu2021_fisher_z,HO_SUR_average_anteriorinsula_L_xu2021_fisher_z,AO_HO_average_anteriorinsula_L_xu2021_fisher_z,AO_SUR_average_vmpfc_R_xu2021_fisher_z,HO_SUR_average_vmpfc_R_xu2021_fisher_z,AO_HO_average_vmpfc_R_xu2021_fisher_z,AO_SUR_average_vmpfc_L_xu2021_fisher_z,HO_SUR_average_vmpfc_L_xu2021_fisher_z,AO_HO_average_vmpfc_L_xu2021_fisher_z,AO_SUR_average_V1_R_Thr75_fisher_z,HO_SUR_average_V1_R_Thr75_fisher_z,AO_HO_average_V1_R_Thr75_fisher_z,AO_SUR_average_V1_L_Thr75_fisher_z,HO_SUR_average_V1_L_Thr75_fisher_z,AO_HO_average_V1_L_Thr75_fisher_z,number_voxels_amy_R_Thr50_average,number_voxels_amy_L_Thr50_average,number_voxels_accumbens_R_Thr25_average,number_voxels_accumbens_L_Thr25_average,number_voxels_anteriorinsula_R_xu2021_average,number_voxels_anteriorinsula_L_xu2021_average,number_voxels_vmpfc_R_xu2021_average,number_voxels_vmpfc_L_xu2021_average,number_voxels_V1_R_Thr75_average,number_voxels_V1_L_Thr75_average,rt_difference_surprised_vs_angry,rt_difference_surprised_vs_happy,univariate_angry_response_V1_L_Thr75_smoothed,univariate_surprised_response_V1_L_Thr75_smoothed,univariate_happy_response_V1_L_Thr75_smoothed,univariate_angry_response_V1_R_Thr75_smoothed,univariate_surprised_response_V1_R_Thr75_smoothed,univariate_happy_response_V1_R_Thr75_smoothed,univariate_angry_response_accumbens_L_Thr25_smoothed,univariate_surprised_response_accumbens_L_Thr25_smoothed,univariate_happy_response_accumbens_L_Thr25_smoothed,univariate_angry_response_accumbens_R_Thr25_smoothed,univariate_surprised_response_accumbens_R_Thr25_smoothed,univariate_happy_response_accumbens_R_Thr25_smoothed,univariate_angry_response_amy_L_Thr50_smoothed,univariate_surprised_response_amy_L_Thr50_smoothed,univariate_happy_response_amy_L_Thr50_smoothed,univariate_angry_response_amy_R_Thr50_smoothed,univariate_surprised_response_amy_R_Thr50_smoothed,univariate_happy_response_amy_R_Thr50_smoothed,univariate_angry_response_anteriorinsula_L_xu2021_smoothed,univariate_surprised_response_anteriorinsula_L_xu2021_smoothed,univariate_happy_response_anteriorinsula_L_xu2021_smoothed,univariate_angry_response_anteriorinsula_R_xu2021_smoothed,univariate_surprised_response_anteriorinsula_R_xu2021_smoothed,univariate_happy_response_anteriorinsula_R_xu2021_smoothed,univariate_angry_response_vmpfc_L_xu2021_smoothed,univariate_surprised_response_vmpfc_L_xu2021_smoothed,univariate_happy_response_vmpfc_L_xu2021_smoothed,univariate_angry_response_vmpfc_R_xu2021_smoothed,univariate_surprised_response_vmpfc_R_xu2021_smoothed,univariate_happy_response_vmpfc_R_xu2021_smoothed,angry_rt_average_z,surprised_rt_average_z,happy_rt_average_z,rt_difference_surprised_vs_angry_z,rt_difference_surprised_vs_happy_z
P_001,19,Male,Asian,,Asian,Not Hispanic,12,5,5,21,6,49,0.844675886,3.891820298,0.948406013,19,0.530850903,V2,50,50,100,99,50,50,1,0.88,1,0,0.515151515,0.484848485,0.521872974,0.15052244,0.46584125,0.126950304,0.604090283,0.201807654,0.493857112,0.141363658,0.184885047,0.176225705,0.211484004,0.19154762,0.54869673,0.182215316,-0.623090133,0.549510868,0.354433536,0.329983684,0.510449805,0.357053166,0.390724218,0.532836552,0.261791331,0.320036038,0.444222746,0.277165948,0.270768001,0.470030215,0.428896977,0.443027449,0.488978606,0.442463185,0.434942702,0.462670134,0.228354683,0.35038232,0.499126562,0.254813722,0.369396782,1.020337336,0.931724645,0.973556463,0.912933116,0.821800356,0.99762434,329,276,105.3333333,68.66666667,874.6666667,891.6666667,394,543.6666667,728.6666667,517,0.082217309,0.138249033,4.556123,3.483792,4.92845,1.5601,1.162692,2.226981,0.436602,-0.304652,0.867868,-0.365626,-0.311193,-0.061885,0.163436,-0.491741,-0.187908,-0.140569,-0.20551,-0.195747,-0.367338,-0.300118,-0.147194,-0.072348,-0.364504,-0.078242,0.960518,-0.088647,1.095079,1.12026,-0.362649,1.460723,0.177015213,0.273599669,-0.105933869,0.24119221,0.664268376
P_003,18,Female,Asian,,Asian,Not Hispanic,6,7,14,12,7,46,0.58544032,3.828641396,0.718529854,7,-0.864353776,V2,50,50,100,99,50,50,1,0.88,1,0,0.262626263,0.737373737,0.45186282,0.19980959,0.352101198,0.083708269,0.484010015,0.205820742,0.401982009,0.160442126,0.166262525,0.218196635,0.184475574,0.237655127,0.442789912,0.188490259,-1.931416293,0.493343136,0.413716658,0.327086163,0.443693106,0.405007166,0.314225889,0.453543673,0.354096492,0.206700012,0.409666994,0.358329047,0.262801804,0.42647516,0.439843541,0.300824357,0.428538974,0.411689651,0.30901695,0.392676729,0.216029213,0.267172332,0.31292023,0.217880542,0.329353937,0.569473071,0.579920533,0.498413686,0.568422542,0.574036284,0.54193658,306.3333333,242.3333333,177.3333333,187.3333333,899.6666667,805,396.3333333,387,485.6666667,597,0.032147195,0.131908817,-0.516569,-0.4519,-1.154198,-0.427284,-0.415671,-0.885204,-0.898835,-0.748492,-0.889401,-0.388002,-0.781497,-0.113242,-0.139923,0.054509,0.378167,0.246943,0.019783,0.33606,-0.650021,-0.478626,-0.909066,-0.557015,-0.543043,-0.741589,-0.438219,-0.980741,-0.117707,-0.703356,-1.652402,-0.037217,-0.500783118,-0.776900742,-1.263469206,-0.688446916,0.563231073
P_007,18,Female,Caucasian/White,,Caucasian/White,Hispanic,9,8,10,8,7,42,0.239792899,3.737669618,0.387529435,12,-0.283018493,V2,50,49,100,100,50,50,1,0.979591837,1,0,0.8,0.2,0.477110071,0.107204964,0.481349304,0.208031782,0.490416194,0.15412164,0.479251098,0.165143353,0.189237983,0.139430597,0.117584123,0.1573488,0.484861699,0.159394122,0.852701776,0.294325751,0.501841854,0.345387705,0.348843743,0.482300292,0.355576122,0.240756424,0.394344695,0.292676937,0.416392262,0.432201726,0.410810712,0.368850495,0.462808906,0.348551426,0.348547149,0.502398439,0.386482089,0.313169943,0.280165565,0.255681859,0.345117276,0.28670609,0.258945567,0.349387261,0.492924581,0.526898011,0.521927637,0.6551817,0.732434625,279.6666667,232.6666667,115,99.66666667,846.3333333,907,394.6666667,435,634,573.3333333,0.013306123,0.00906689,0.454143,0.965683,1.005247,0.71061,0.429508,1.579616,-0.594963,0.012071,0.382071,-0.773779,-0.391352,-0.341241,-0.157739,0.118404,0.452073,0.123006,0.453281,0.649489,-0.100594,-0.093837,-0.414503,0.162334,-0.251669,-0.330744,0.15334,-0.259117,-0.358498,-0.386795,-0.059089,-0.424766,-0.256353652,-0.720857449,0.051891982,-1.038264328,-1.394370534
P_009,18,Female,Asian,,Asian,Not Hispanic,6,10,5,6,9,36,-0.278678234,3.583518938,-0.173347143,0,-1.678223172,V2,50,50,100,95,50,50,5,1,1,0,0.663157895,0.336842105,0.55609306,0.195030126,0.455745636,0.120567002,0.683150606,0.27275268,0.505919348,0.169008534,0.194736809,0.266461915,0.209261347,0.301488448,0.592262782,0.241890518,0.143726716,0.415581784,0.47890604,0.496912519,0.362422054,0.407524831,0.353925362,0.319309213,0.311971457,0.331904208,0.420648061,0.293942448,0.400397979,0.394845133,0.365708469,0.417559839,0.35972404,0.374230761,0.399515019,0.246252194,0.337674141,0.383624844,0.226560116,0.328774901,0.40138259,0.859523631,0.88774364,0.913725589,1.034132634,0.997837819,1.018715749,309.6666667,256.6666667,86,75.33333333,937.3333333,1012.333333,388,502,662.6666667,615.6666667,0.127057546,0.22740497,2.604987,2.083578,3.916131,2.705137,1.849011,3.940629,0.844032,0.337067,0.594233,0.820988,0.207197,0.853616,0.208822,-0.040498,0.585336,0.193348,-0.22012,0.983678,0.546389,0.395806,1.698144,0.378788,0.284133,1.207542,0.078147,-0.792369,0.730155,0.002321,-0.881014,0.846569,0.508314545,0.965244543,-0.208677183,1.073729533,2.08505206
P_010,18,Female,Caucasian/White,,Caucasian/White,Not Hispanic,9,5,5,12,7,38,-0.105854523,3.63758616,0.023376207,17,0.29831679,V1,50,50,100,99,50,48,3,0.94,0.875,0.125,0.787878788,0.212121212,0.660206752,0.228129247,0.519290348,0.239478617,0.632502519,0.272062451,0.591186472,0.243087095,0.226226173,0.270642844,0.230714565,0.283135295,0.611949359,0.258228756,0.78990212,0.325800172,0.417063724,0.375042907,0.320731734,0.371901639,0.253209325,0.340620285,0.480417816,0.275412445,0.395000318,0.439164076,0.316053877,0.382590037,0.172741873,0.208010235,0.317589053,0.184160848,0.268056076,0.508759606,0.427722309,0.401779454,0.543299277,0.410927738,0.453500075,0.544342955,0.473340656,0.552018107,0.387943004,0.307512448,0.369192115,261.6666667,244.3333333,106.6666667,84.33333333,693,761.6666667,337.6666667,428.3333333,567.6666667,571.3333333,-0.027704233,0.113212171,0.898111,1.497911,1.308406,1.064181,1.549142,1.470009,0.082067,-0.002446,-0.171537,-0.227238,0.363743,0.277606,0.349637,0.301897,0.345953,0.597644,0.301829,0.322932,-0.518705,0.012573,0.219136,-0.54793,-0.384551,-0.117767,-1.331551,-0.232839,-0.185981,-0.862901,0.22693,-0.405937,1.516283856,0.522158955,0.43801893,-1.799693221,0.265282439
P_012,19,Male,Caucasian/White,,Caucasian/White,Not Hispanic,7,5,5,13,15,45,0.499028465,3.80666249,0.638559698,20,0.64711796,V1,50,50,100,100,50,50,0,0.98,0.94,0.06,0.69,0.31,0.421529862,0.146421866,0.39764467,0.088504413,0.450647916,0.137012037,0.409587266,0.120964552,0.125206301,0.133886564,0.148363997,0.125703107,0.430117591,0.13054517,0.282794901,0.590352036,0.469549347,0.467732381,0.57589214,0.363588983,0.491339792,0.54144463,0.42274308,0.299035924,0.566172689,0.400932709,0.452923758,0.678313499,0.507442885,0.566983987,0.726685352,0.481640846,0.56175508,0.686229502,0.502846202,0.531341044,0.601944744,0.440865171,0.461569266,0.702293613,0.709327115,0.632165023,0.740043701,0.489081278,0.558604435,302,240.6666667,112.3333333,106,880.6666667,899.6666667,406.6666667,513.3333333,701.3333333,618.3333333,0.029118054,0.053003246,1.755535,2.679763,0.930226,1.716612,2.924838,1.287807,0.133868,0.162306,-0.679682,0.290009,0.175182,-0.688165,0.532133,0.947057,-0.125894,0.569282,0.786041,-0.168406,0.978947,1.012958,-0.042479,1.053518,0.99053,0.227038,0.086628,1.023069,-0.547576,0.26049,1.052064,-0.68164,-0.794449496,-1.068763005,-0.799972159,-0.74468821,-0.694203391
P_015,19,Male,Asian,,Asian,Not Hispanic,10,7,5,16,7,45,0.499028465,3.80666249,0.638559698,22,0.879652073,V2,50,49,100,99,50,49,3,0.816326531,0.87755102,0.12244898,0.484848485,0.515151515,0.586779133,0.222395921,0.569992006,0.195021708,0.611241124,0.201135866,0.578385569,0.208247178,0.21186886,0.197026227,0.233044909,0.157459411,0.594896737,0.204844439,-0.780089272,0.551715078,0.559208277,0.646539184,0.530384418,0.509623879,0.630866579,0.448635996,0.419756346,0.492109413,0.44026563,0.379845596,0.394139924,0.538251588,0.545914343,0.510926063,0.574509926,0.610466895,0.607761242,0.499533313,0.459360461,0.526054361,0.436144773,0.491010845,0.513719894,0.611456766,0.561977778,0.655267407,0.620311512,0.53118171,0.649250971,439,383.3333333,214.3333333,212.6666667,1137.666667,1167,448.6666667,510.6666667,808.3333333,637.3333333,0.024461991,0.041249118,2.838351,2.932577,1.686358,3.117727,3.154769,1.965553,-0.692808,0.591995,-0.207999,-0.576791,0.452629,-0.142573,0.425817,0.557553,-0.315495,0.296005,0.236524,-0.139456,-0.020669,-0.037621,-0.082314,0.112124,0.406254,0.116703,1.104501,-0.342378,0.804113,1.031642,-0.441826,0.870394,0.80539958,0.336157503,0.954010964,-0.831136152,-0.881516472
P_018,18,Female,"Caucasian/White,Other (please specify)",,Caucasian/White,Hispanic,5,6,5,5,5,26,-1.142796787,3.258096538,-1.357395131,12,-0.283018493,V1,50,50,100,100,50,48,2,0.98,0.9375,0.0625,0.86,0.14,0.51073634,0.157167882,0.43532189,0.127662273,0.594823791,0.228615649,0.47379865,0.147685128,0.223562723,0.191452234,0.30028992,0.208864338,0.534922459,0.201704163,1.163560072,0.383942406,0.452112599,0.244949907,0.384397496,0.474929171,0.351867592,0.32437792,0.392226565,0.180561078,0.264666836,0.371692571,0.283997124,0.335483345,0.41455458,0.254517624,0.383720189,0.416358972,0.267663801,0.345263984,0.339650382,0.363409237,0.33755186,0.38031641,0.368125108,0.764655746,0.788338318,0.648389881,0.667161736,0.707723973,0.622351987,238.3333333,227,105.3333333,85,810.3333333,783,356.3333333,405,701,562.6666667,0.084087451,0.159501901,0.898052,-0.866201,0.109987,1.683781,0.595581,1.007144,-0.810963,-2.055747,-1.186101,-0.933583,-1.948675,-1.092035,0.641328,-0.703859,-0.052995,1.00127,-0.399395,0.262817,-0.837848,-0.725044,0.039039,-0.701543,-1.094919,-0.095342,0.412376,-1.067143,0.224884,0.955597,-1.332786,0.087784,0.069196683,0.192533447,-0.416530154,0.275914663,1.00295281
P_019,18,Female,Asian,,Asian,Not Hispanic,15,6,6,14,9,50,0.931087741,3.912023005,1.021913476,NA,NA,V2,50,49,100,99,50,50,2,0.93877551,0.9,0.1,0.646464646,0.353535354,0.50706608,0.240605721,0.480521748,0.138686078,0.636527229,0.25923341,0.493659852,0.195319417,0.235291772,0.242858004,0.303155137,0.234233567,0.56509354,0.239868927,0.057239471,0.341520653,0.426794082,0.466684308,0.35882801,0.478281052,0.427121739,0.386588734,0.472073892,0.416065525,0.342469153,0.34240224,0.416234949,0.346873004,0.455281848,0.437998157,0.283123283,0.388506192,0.491520924,0.22569327,0.440644132,0.429036443,0.308132525,0.482326373,0.446932666,0.376913131,0.560117124,0.571612887,0.508883468,0.716783854,0.63834201,336,282,182.6666667,196.6666667,1056.333333,1076.666667,395.6666667,462,849.6666667,523.3333333,0.129461149,0.156005481,0.818891,1.611353,1.065409,0.874637,1.685975,1.131876,0.64593,0.977129,-0.040209,0.23961,0.44911,-0.087593,0.552538,0.735242,0.360658,0.730665,0.301818,0.061396,-0.294351,0.403941,-0.524271,0.039963,0.548742,-0.430264,-0.589784,0.135073,-0.604489,-0.547615,0.093635,-0.773588,0.033663321,0.557368399,0.043469924,1.118356622,0.94723407
P_020,18,Female,Caucasian/White,,Caucasian/White,Not Hispanic,13,5,5,10,6,39,-0.019442667,3.663561646,0.117887901,18,0.414583846,V2,50,50,100,99,50,47,4,0.9,0.957446809,0.042553191,0.535353535,0.464646465,0.459612898,0.209021254,0.42366043,0.142615154,0.55976964,0.224040629,0.44219263,0.179922356,0.186612166,0.231339416,0.206994327,0.235889717,0.501581018,0.211272966,-0.51842404,0.340329435,0.386286871,0.352402881,0.376903794,0.38087929,0.32460869,0.363476128,0.350998191,0.350330111,0.264809171,0.410262941,0.301632532,0.284841927,0.323859066,0.339530546,0.289613218,0.352909742,0.275233243,0.486764763,0.524740953,0.468081662,0.429008381,0.450361242,0.404306732,0.990405443,0.973286956,0.932095331,0.750442714,0.848314603,0.778607471,263,224.3333333,134.3333333,100.3333333,876.6666667,895,384.3333333,445,644.3333333,505.6666667,0.100156742,0.13610921,1.796243,2.735026,3.178666,1.379099,2.334069,2.201454,0.100317,0.343003,0.506459,-0.191803,0.644964,0.144564,0.465196,0.555308,1.393133,0.093596,0.712133,1.265261,0.657757,-0.130799,0.927967,0.617821,-0.060214,0.862347,-0.456915,0.924522,1.423594,-0.409363,0.973128,1.355491,-0.425751289,-0.114131425,-0.535209123,0.574269119,0.630168285
P_025,18,Female,Asian,,Asian,Not Hispanic,NA,5,NA,7,6,NA,NA,NA,NA,32.5,2.100456167,V2,50,50,100,99,50,50,1,1,0.96,0.04,0.888888889,0.111111111,0.411249778,0.123364985,0.496906702,0.149985282,0.462197475,0.189090991,0.45407824,0.143246571,0.171110275,0.159892187,0.283118347,0.15393357,0.458117457,0.167252719,1.313232584,0.314827428,0.463748309,0.407382655,0.255260706,0.453332961,0.357065533,0.371280483,0.545395766,0.344672381,0.352449982,0.372136925,0.367059698,0.241463291,0.437543533,0.372258456,0.252576184,0.466129145,0.368506768,0.31809378,0.460932708,0.330136874,0.294867107,0.432137516,0.346650505,0.777475545,0.908497361,0.932032927,0.850406132,1.012344056,0.982779553,326,276,112.3333333,100.6666667,826.3333333,884.6666667,311.6666667,432.6666667,598.6666667,379.3333333,0.050947697,-0.034709227,2.434742,0.792465,1.442758,2.450715,1.511359,1.456642,-0.333907,-0.4662,0.539199,0.539604,-0.169017,0.278209,1.213342,0.756091,0.864999,0.973586,0.871721,0.467517,0.274476,0.096626,-0.237594,0.351985,-0.071958,-0.259976,-0.053728,-1.062189,-0.653797,0.020881,-0.679809,-0.737685,-0.893975399,-0.967723786,0.210220009,-0.339382757,-2.091984119
P_026,18,Female,Asian,,Asian,Not Hispanic,11,5,5,9,7,37,-0.192266378,3.610917913,-0.073656094,22,0.879652073,V1,50,50,100,99,50,50,1,0.98,0.96,0.04,0.808080808,0.191919192,0.646430208,0.318529369,0.689626358,0.349265576,0.673425239,0.336159666,0.668028283,0.33326621,0.34339447,0.329041691,0.310786073,0.341393766,0.670713201,0.333873387,0.894568213,0.386353075,0.407288383,0.352612842,0.319256226,0.270034801,0.172264637,0.330472461,0.378901486,0.288639013,0.305030504,0.401325059,0.344194282,0.324682542,0.346419751,0.288937893,0.259062234,0.268204364,0.167042121,0.397323845,0.413957945,0.210479692,0.431850271,0.411657844,0.183671067,0.348526295,0.39006653,0.383355427,0.372921783,0.390808888,0.349254063,286,268.6666667,155.6666667,170.3333333,857.6666667,964.6666667,316.3333333,466,748,466.3333333,0.026995031,-0.016201119,-1.416342,-2.676322,-1.314386,-0.159406,-1.366196,-0.086289,-0.194565,-0.583079,-0.068464,-0.602076,-0.769462,-0.833028,0.110823,-0.725028,0.021371,0.584514,-0.044724,0.138528,0.086646,0.159371,0.064907,0.289637,0.26372,0.370567,-0.518076,-1.664115,-1.536879,-0.745998,-1.7184,-1.305655,1.382907224,0.880163937,2.171532739,-0.78410584,-1.797040016
P_028,18,Female,Black/African American,,Black/African American,Not Hispanic,11,5,5,10,5,36,-0.278678234,3.583518938,-0.173347143,3,-1.329422002,V2,50,49,100,96,50,50,5,0.836734694,0.94,0.06,0.739583333,0.260416667,0.531826902,0.237447306,0.516789376,0.220029393,0.577347628,0.226828495,0.524232192,0.227769319,0.212588723,0.237910909,0.238030915,0.224340093,0.55038133,0.228277873,0.539684742,0.362866001,0.605715028,0.378093278,0.255765817,0.512969779,0.277344191,0.219258228,0.432831509,0.230656767,0.250873777,0.543185788,0.298473657,0.408966386,0.562741793,0.370735815,0.377654609,0.557668464,0.404687739,0.337256431,0.487406282,0.359328217,0.402061595,0.461273955,0.40597032,0.590583448,0.54203833,0.528572136,0.577010983,0.59616135,0.538235669,382.6666667,309.6666667,144.3333333,204.3333333,965,995,356.3333333,550.6666667,715,450.3333333,0.045520726,0.060558252,0.813017,-0.476626,0.663656,0.871526,0.101062,0.62187,-0.181677,-0.487121,-0.743576,-0.07755,-0.719092,-0.806529,1.065132,0.369312,-0.018351,1.227532,0.224492,0.23269,-0.155757,-0.605621,-0.657941,-0.295612,-0.929613,-0.63487,0.826822,1.010438,0.39995,0.726954,0.5295,0.113625,0.27338346,0.03964641,0.412566476,-0.440143953,-0.573807267
P_039,19,Female,"Asian,Caucasian/White,Other (please specify)",middle eastern,Multiracial,Not Hispanic,5,5,6,5,5,26,-1.142796787,3.258096538,-1.357395131,6,-0.980620832,V1,50,50,100,100,50,50,0,0.94,0.98,0.02,0.78,0.22,0.521518112,0.174071998,0.477481318,0.149668626,0.622381977,0.213567997,0.499499715,0.163016611,0.230958658,0.178642099,0.259133824,0.18835617,0.560940846,0.199262299,0.749082344,0.253322507,0.359767802,0.301708179,0.316554071,0.404882344,0.375462714,0.314562691,0.333432842,0.419130772,0.377630305,0.361850645,0.472575568,0.218846987,0.284537943,0.294168378,0.218627667,0.293624423,0.311342096,0.303541986,0.275600043,0.435781407,0.261836515,0.261185923,0.359155057,0.496531045,0.584963423,0.716960798,0.287156628,0.344791045,0.450504236,321,278,184.3333333,190.3333333,947.6666667,964,351,447,584.6666667,564,0.100863865,0.144900659,0.277984,0.683444,0.911346,1.545513,1.769033,2.366558,-1.135799,-0.971955,0.195634,-1.487382,-0.951424,-0.415198,1.08719,-0.579406,0.267304,0.634732,0.184422,0.421624,-0.814268,-0.068377,0.33987,-0.214005,0.072405,0.514442,1.298784,0.851929,0.941179,0.942915,0.972091,1.188597,0.173579642,0.433621231,0.012527393,0.587398092,0.77026829
P_041,18,Male,Asian,,Asian,Not Hispanic,8,6,19,9,5,47,0.671852175,3.850147602,0.796780089,18,0.414583846,V1,50,45,100,98,50,49,8,0.911111111,0.979591837,0.020408163,0.5,0.5,0.519772398,0.295139315,0.450489941,0.188380562,0.647620584,0.267076791,0.483657074,0.246452289,0.257847262,0.283006587,0.273783098,0.258711162,0.567346782,0.269356287,-0.701589702,0.56509863,0.486427047,0.509779869,0.602715733,0.490558886,0.543432473,0.505519944,0.349923063,0.362316585,0.514325602,0.387510831,0.412917438,0.48035691,0.362208354,0.48175675,0.524739051,0.366573727,0.467337755,0.538260197,0.337220492,0.425526557,0.501441347,0.357687135,0.444299572,0.618094178,0.643032543,0.708968935,0.669937666,0.627883464,0.727221557,307,285.3333333,127,100,892.6666667,954.3333333,360.3333333,497.3333333,797,545.6666667,0.127848186,0.197130643,0.055843,1.838633,0.048676,1.365545,3.102829,1.496468,0.340338,-0.206005,0.638355,-0.022563,-0.057963,0.596063,0.812369,0.968402,0.432485,1.106134,1.384292,0.644451,0.086884,0.462585,0.305678,-0.078492,0.29069,0.213713,0.819792,0.869157,0.859079,0.624788,0.205441,0.578696,0.156678636,0.6544166,-0.262164522,1.088409146,1.602602194
P_044,19,Female,Black/African American,,Black/African American,Not Hispanic,24,13,5,24,10,76,3.17779598,4.33073334,2.545389208,17,0.29831679,V1,50,50,100,97,50,49,4,0.96,0.93877551,0.06122449,0.75257732,0.24742268,0.551728764,0.157925346,0.500682002,0.237522003,0.612869549,0.222179546,0.526463195,0.201893291,0.241290125,0.200856034,0.220278534,0.215056562,0.569225523,0.216016228,0.607006216,0.577557551,0.501207158,0.361143333,0.549672009,0.440672229,0.330894512,0.398763949,0.265949808,0.368689664,0.472890456,0.307227662,0.269516364,0.510252645,0.464683028,0.380175926,0.450221458,0.451990698,0.341225281,0.508951284,0.352609827,0.256212543,0.530247653,0.349557856,0.275087607,0.654864798,0.558731262,0.653084243,0.527804445,0.428580792,0.389781459,362,337,174,195.6666667,792,939.3333333,367.3333333,491.3333333,574.3333333,660.3333333,0.061140785,0.112187547,1.365743,1.508539,0.433861,1.136512,1.23673,0.271544,-0.141801,0.278273,-0.272818,-0.139732,-0.468948,-0.023939,0.974112,0.460094,-0.559267,0.807162,0.116054,0.227425,0.019076,0.554747,-0.504378,0.038852,0.076757,-0.49635,0.723284,-0.202225,-1.001811,0.774321,-0.174659,-1.295206,0.466061923,0.350403483,0.24864133,-0.150130273,0.248954093
P_049,19,Female,Asian,,Asian,Not Hispanic,8,5,7,10,9,39,-0.019442667,3.663561646,0.117887901,24,1.112186186,V1,50,48,100,99,50,49,4,0.958333333,0.979591837,0.020408163,0.595959596,0.404040404,0.395591238,0.157343624,0.363685512,0.190882144,0.507784338,0.204900338,0.379473912,0.174916369,0.218980626,0.183392953,0.255490352,0.163305538,0.44428377,0.200745635,-0.204425761,0.424424059,0.38101602,0.342448687,0.371182319,0.386419019,0.324741289,0.366602438,0.302564177,0.331949053,0.455285477,0.301851708,0.333960542,0.432525147,0.354776335,0.407992565,0.368569239,0.240614547,0.398224798,0.393869537,0.320919195,0.371387327,0.333858027,0.223887017,0.392484811,0.638930662,0.544705203,0.486873556,0.529342607,0.490149717,0.474045944,263,240.3333333,99.66666667,77.33333333,703,782.6666667,358.3333333,395.3333333,636,598.3333333,0.1121931,0.144098826,0.289985,0.480962,0.637312,0.583769,1.09409,1.127619,-0.34946,0.136775,1.074283,-0.364696,-0.301916,0.52989,0.937835,1.165488,0.82599,1.305695,1.777066,0.703275,0.264948,0.257136,0.288345,0.362009,0.317063,0.168452,-0.739595,-0.636444,-0.428392,-0.540128,0.342036,0.067839,-1.045572441,-0.568915396,-1.145575354,0.797745129,0.757490328
P_050,18,Male,Asian,,Asian,Not Hispanic,7,5,5,8,6,31,-0.71073751,3.433987204,-0.717417706,10,-0.515552606,V1,50,49,100,100,50,50,1,0.959183673,0.86,0.14,0.74,0.26,0.484053092,0.120432519,0.480768782,0.119927725,0.540374482,0.206422173,0.482394349,0.119574451,0.154096102,0.18014479,0.203712013,0.208601362,0.511530094,0.170957644,0.54184348,0.35695678,0.277371149,0.274041522,0.345176145,0.278303548,0.14810742,0.253194564,0.244005901,0.26268605,0.380881124,0.324230402,0.34957314,0.384710626,0.405054022,0.240086802,0.334665477,0.444949511,0.282125985,0.293916817,0.30585764,0.304578998,0.350188426,0.340701361,0.290791054,0.455198896,0.486726856,0.399333865,0.594451385,0.598921645,0.517019809,374.6666667,283.6666667,156.3333333,182.6666667,954.3333333,979,382.6666667,477.6666667,678.6666667,480.6666667,0.05632139,0.0596057,2.186671,2.651973,0.833747,0.907458,2.01591,0.197862,-0.44661,0.158065,-1.068958,-0.081247,-0.059562,-1.036218,0.069819,0.48117,-0.548883,0.083562,0.620583,-0.691811,-0.449946,0.275791,-0.139947,-0.486045,0.030322,-0.279558,-0.730025,-0.406209,-1.913813,-1.048236,-0.780882,-2.212695,-0.189135287,-0.283806441,0.045983995,-0.23961076,-0.588987079
P_052,18,Female,Asian,,Asian,Not Hispanic,8,5,5,9,5,32,-0.624325655,3.465735903,-0.601900206,NA,NA,V1,50,49,100,100,50,50,1,1,0.94,0.06,0.8,0.2,0.284711722,0.112881408,0.371588628,0.225193975,0.398525381,0.176243767,0.328588947,0.183038809,0.211944491,0.162624604,0.135315725,0.178301034,0.363732884,0.182598599,0.852701776,0.434027859,0.247972236,0.272707153,0.442012706,0.228922678,0.212897826,0.422593941,0.290878268,0.264815863,0.365120411,0.288931219,0.215416614,0.390950531,0.173200979,0.136007339,0.355090827,0.149932707,0.109017789,0.406291686,0.385134313,0.287022037,0.419328143,0.311305722,0.256806838,0.528419447,0.457465303,0.53339462,0.540310523,0.514646793,0.525794256,325.6666667,296.6666667,156.6666667,193.3333333,980.6666667,934,369.6666667,463.6666667,598.6666667,579,0.113813659,0.026936753,2.196014,2.706819,2.893681,1.800753,2.501666,2.220904,-0.189472,0.137385,-0.105291,0.14415,0.306233,0.418677,0.364232,0.675415,0.461833,0.199478,0.595038,-0.084424,-0.073071,-0.482361,-0.901044,0.024597,-0.352834,-0.728884,-0.856974,-0.505434,-0.961333,-0.85438,0.156846,-0.402565,-2.119044597,-1.524747534,-1.065145146,0.827833638,-1.109597466
P_054,19,Male,Asian,,Asian,Not Hispanic,6,5,5,10,6,32,-0.624325655,3.465735903,-0.601900206,7,-0.864353776,V1,50,50,100,100,50,50,0,0.94,1,0,0.53,0.47,0.369241132,0.211914524,0.286947138,0.191668159,0.400937679,0.176821347,0.328094135,0.205231712,0.21145995,0.173714179,0.217072511,0.133136636,0.364515907,0.194529554,-0.546160554,0.39583804,0.360126635,0.413768249,0.333066641,0.361958729,0.516587502,0.313428237,0.287941077,0.450765046,0.269654388,0.288978997,0.504069475,0.228554327,0.351332981,0.313115496,0.241087704,0.32472028,0.326392999,0.317628495,0.279873966,0.379327372,0.248037085,0.21759748,0.441550849,0.644732952,0.571990427,0.536527575,0.544393294,0.455335821,0.512883902,423.6666667,327.3333333,194.6666667,235.6666667,1058.333333,1103.333333,457.3333333,493,777,546.6666667,0.031696547,0.113990541,2.123566,2.960583,2.083782,3.55421,4.185832,3.202992,0.567248,0.492618,0.39234,0.222841,0.460552,0.82662,0.713154,0.649533,0.121156,0.879293,0.554589,0.335668,0.686343,0.280586,-0.108587,1.004349,0.268667,0.108007,-0.384246,0.627606,-0.385636,0.010081,0.293901,-0.616314,-1.30067912,-1.503643983,-1.926543694,-0.696813983,0.277686497
P_056,18,Male,,,Not Reported,Hispanic,10,6,5,8,5,34,-0.451501944,3.526360525,-0.381317783,4,-1.213154946,V1,50,50,100,99,50,50,1,0.92,0.98,0.02,0.727272727,0.272727273,0.820871226,0.181588574,0.732542334,0.171973161,0.83407202,0.193179146,0.77670678,0.181463177,0.215022573,0.170232331,0.233585651,0.173274446,0.805245266,0.189108129,0.475903842,0.491886077,0.340351993,0.256919204,0.486524076,0.439654127,0.387979473,0.403179055,0.361855901,0.359661652,0.438446377,0.523239593,0.346215542,0.456677146,0.329371664,0.337734796,0.450186047,0.383553362,0.298340111,0.405239153,0.40557151,0.412717819,0.377244592,0.301787511,0.387152091,0.724475465,0.7190946,0.666981223,0.977973336,0.923161796,0.839014591,379.3333333,330,198.3333333,210,1070.333333,1052.333333,358.3333333,607,625.3333333,627.3333333,0.013200794,0.101529686,3.380892,3.211042,3.375724,2.27961,2.23796,2.157892,0.877802,0.84224,1.082291,0.6794,0.525129,0.866386,0.089302,0.821943,0.629162,0.366517,0.748156,0.53286,-0.325726,0.168982,-0.303086,0.19486,0.055515,-0.139048,-0.450336,1.037125,-0.035111,-0.535625,0.509533,-0.232611,3.071745546,2.285553118,2.608289693,-1.040219945,0.079111057
P_062,18,Male,"Asian,Caucasian/White",,Multiracial,Not Hispanic,5,5,5,5,5,25,-1.229208642,3.218875825,-1.500099525,2,-1.445689059,V2,50,50,100,100,50,50,0,0.98,0.94,0.06,0.61,0.39,0.537128738,0.159966282,0.573351464,0.176269104,0.704995837,0.204560649,0.555240101,0.168449332,0.205272057,0.19829317,0.198192557,0.206158385,0.630117969,0.201416372,-0.131682827,0.24991572,0.322157886,0.447822423,0.241792077,0.308768788,0.413931746,0.285416483,0.317903889,0.487522406,0.272140796,0.389746361,0.480208672,0.231011112,0.293257073,0.35844261,0.185690489,0.349860571,0.343495484,0.211015707,0.327656268,0.3392432,0.170629138,0.27790573,0.385105568,0.680296682,0.683948256,0.828217238,0.780486386,0.88581486,0.969447166,398.3333333,312,221,231.6666667,1079,1158.666667,355,605,838,653,0.167867099,0.131644373,4.37859,4.551966,4.234031,3.877486,3.830383,4.377307,-0.956608,0.645365,1.13351,-0.29368,0.723783,0.2684,0.050486,0.388776,0.528928,-0.07635,0.959591,0.668906,0.288145,-0.045106,0.420512,0.163153,0.132668,0.39004,-0.278601,0.238389,-0.726802,-0.4499,0.584871,-0.773402,0.324712809,1.156353578,0.988200252,1.831430168,0.559016909
P_063,19,Female,Other (please specify),Latino,Other,Hispanic,5,5,18,11,6,45,0.499028465,3.80666249,0.638559698,23,0.995919129,V1,50,47,100,94,50,47,12,0.914893617,1,0,0.64893617,0.35106383,0.559782683,0.295984213,0.480915538,0.22749501,0.604067961,0.298688066,0.520349111,0.265523621,0.261492771,0.303221325,0.286138587,0.307289349,0.562208536,0.284944217,0.070044365,0.418261312,0.45605574,0.407267591,0.351637654,0.396055613,0.393357667,0.315463515,0.371765453,0.284588055,0.288600084,0.352753169,0.364895297,0.436906199,0.506679452,0.415574294,0.450839129,0.525587037,0.377560126,0.429413559,0.394958514,0.370669902,0.336088454,0.344986828,0.315811026,0.554474335,0.597644545,0.489439706,0.515456144,0.622290384,0.517670992,414,318.6666667,193,200.3333333,981,1047.333333,392.3333333,507.3333333,534.3333333,639.6666667,0.044285278,0.123152423,1.214418,1.536154,0.894371,2.297852,2.374148,1.714738,0.231598,0.056261,-0.09895,-0.028035,-0.004352,-0.656852,0.538943,0.695015,-0.066145,0.737638,0.513262,0.416524,1.503683,0.670182,0.803937,1.20034,0.266603,0.493153,-0.175075,-1.447062,-0.009545,-0.595857,-1.374178,-0.459323,0.544035367,0.273404389,0.047477535,-0.463082203,0.423689701
P_064,18,Female,Black/African American,,Black/African American,Not Hispanic,8,9,10,5,5,37,-0.192266378,3.610917913,-0.073656094,14,-0.05048438,V2,50,48,100,93,50,48,11,0.958333333,0.958333333,0.041666667,0.322580645,0.677419355,0.658984694,0.231121252,0.561094542,0.192738316,0.747123947,0.281229349,0.610039618,0.217317107,0.252351588,0.258555832,0.276835237,0.259167602,0.677493812,0.259403137,-1.62079434,0.395444675,0.467117428,0.39502951,0.36452469,0.485859902,0.390779996,0.343267325,0.275611262,0.288601405,0.389667879,0.354214565,0.335758738,0.332190256,0.408155838,0.353958696,0.376945121,0.377809922,0.386085667,0.492889785,0.308394585,0.494284065,0.398152234,0.357180576,0.443115944,0.362968836,0.576626116,0.336870692,0.410536814,0.606969821,0.440822199,346.6666667,341,184.3333333,164.3333333,1000,902.3333333,405.3333333,540,591,553,0.088139253,0.186029405,-0.03768,1.287004,0.843335,-0.593645,0.760589,0.126127,-1.277105,-0.593538,-0.852293,-0.948472,-0.557887,-0.747666,-0.421408,0.055368,0.222955,-0.548658,-0.094786,0.728894,-0.984311,-0.498166,0.590168,-0.690461,-0.363798,0.849584,-1.734609,-0.172462,-0.033584,-1.7411,-0.249757,-0.301373,1.504452589,1.524903696,0.863461252,0.351143444,1.425693529
P_065,18,Female,Asian,,Asian,Not Hispanic,7,11,6,8,5,37,-0.192266378,3.610917913,-0.073656094,12,-0.283018493,V2,50,50,100,100,50,50,0,0.92,0.88,0.12,0.73,0.27,0.464067062,0.242254092,0.590701732,0.250078506,0.597477044,0.29452617,0.527384397,0.253081961,0.278963609,0.261353944,0.299723697,0.26558039,0.562430721,0.276140551,0.490033764,0.237167196,0.407745856,0.343444668,0.213165853,0.43341844,0.351273638,0.200634695,0.426483788,0.348859005,0.296095719,0.426675213,0.283503114,0.203783579,0.395088498,0.360371759,0.147175182,0.420250778,0.367796623,0.246589845,0.331951725,0.281840871,0.260777379,0.355703162,0.274277271,0.394462689,0.470993189,0.386929009,0.314733538,0.361119722,0.307894069,384,336.3333333,185,191,1026,1054,383.3333333,513.3333333,593.3333333,640.6666667,0.133409982,0.006775312,0.289602,-0.121268,1.164342,0.847207,0.293619,2.17414,-0.156593,0.561725,-0.039532,-0.34,0.213246,-0.0997,1.001051,0.121909,0.609407,1.122005,0.223675,0.573157,-0.141891,0.188976,0.27976,0.020074,0.196059,0.154422,0.529102,-0.248162,-0.843816,0.33732,0.017134,-0.433086,-0.382628616,0.215744949,1.164774361,1.191673604,-1.430888984
P_067,19,Male,Asian,,Asian,Not Hispanic,5,6,5,8,8,32,-0.624325655,3.465735903,-0.601900206,NA,NA,V1,50,50,100,98,50,50,2,1,1,0,0.765306122,0.234693878,0.36460432,0.126209502,0.364903178,0.108998065,0.45588324,0.166301429,0.364753749,0.117321265,0.150583414,0.15089601,0.184874818,0.158762971,0.409858244,0.150402955,0.672953782,0.335876042,0.39496458,0.2687278,0.434063678,0.428830858,0.356246854,0.371346981,0.305642365,0.268279945,0.349005947,0.365972934,0.296133434,0.408215285,0.454878482,0.369913754,0.357874578,0.382107105,0.347406675,0.401026263,0.365297943,0.197896345,0.387585412,0.308272038,0.225444107,0.937392476,0.938809552,0.934265364,0.674467805,0.563509014,0.704659279,363.3333333,293.3333333,130,129.6666667,1019.666667,1014,414.6666667,551.3333333,660,709.3333333,0.09127892,0.090980062,2.711682,2.132203,3.408304,3.22247,2.816153,3.773485,0.793101,-0.128513,0.934193,-0.139816,-0.1339,0.276141,0.46619,0.582218,0.69729,0.650756,0.734729,0.964446,0.603611,0.521388,0.880431,0.711846,0.831556,0.686909,-0.153786,0.663828,0.155191,-0.053671,0.982567,0.607384,-1.345570086,-1.022962724,-1.133183137,0.409436846,-0.089007121
P_068,18,Female,Asian,,Asian,Not Hispanic,14,6,5,13,5,43,0.326204754,3.761200116,0.473145048,7,-0.864353776,V1,50,50,100,100,50,50,0,1,0.94,0.06,0.85,0.15,0.479821244,0.11328947,0.457640542,0.09588623,0.516768597,0.112653172,0.468730893,0.105011042,0.097049096,0.116160664,0.094296928,0.114914461,0.492749745,0.11126203,1.111750356,0.512343776,0.242325326,0.257344116,0.540574733,0.239867381,0.241091108,0.487406806,0.269301915,0.339692107,0.454137162,0.288283288,0.27324391,0.533107428,0.24446972,0.228745754,0.58509702,0.272427156,0.268009388,0.382081995,0.188781763,0.289838771,0.448198839,0.197397037,0.305741971,0.541411518,0.473738673,0.387975862,0.649955044,0.549125997,0.419104284,335.6666667,313.6666667,169.6666667,157,881.6666667,945,345.3333333,448,510.6666667,579.6666667,0.036947353,0.059128055,1.891384,1.405534,1.957912,1.969196,1.007542,2.084288,-0.701346,-0.733253,-1.353634,-0.377348,0.103062,-1.137553,0.539643,0.420683,0.512623,0.991983,0.819809,0.90114,-0.520968,0.219642,-0.424572,-0.180972,-0.000422,-0.201752,0.255032,-0.283052,-0.025875,0.631376,-0.729131,0.114373,-0.230105623,-0.490318238,-0.189392678,-0.599323598,-0.596598801
P_070,18,Female,Caucasian/White,,Caucasian/White,Hispanic,5,7,5,5,5,27,-1.056384932,3.295836866,-1.220077112,33,2.158589695,V1,50,50,100,100,50,50,0,0.46,1,0,0.03,0.97,0.533713316,0.152430883,0.508249318,0.12177024,0.491002041,0.112251237,0.520981317,0.13785168,0.113065741,0.185580612,0.113138757,0.047138435,0.505991679,0.126285889,-3.136646352,0.342082034,0.284096548,0.308732845,0.360629744,0.245039339,0.26925256,0.317137321,0.325571602,0.445519942,0.310096356,0.346618004,0.343655166,0.308977776,0.18799802,0.292691988,0.396846993,0.302250933,0.346859229,0.301326813,0.263707203,0.347535089,0.309664121,0.312256649,0.316368116,0.471955179,0.39191746,0.471394639,0.50994177,0.385679471,0.526163544,361,305,165,175,937,942,364.6666667,435,598,429,-0.042711275,-0.017247277,0.455305,0.740692,2.109037,-0.323785,0.201088,1.384918,-0.01716,-1.07127,0.024812,0.681618,0.309063,0.328145,0.480614,0.010916,0.575289,0.636605,0.041773,0.797546,-1.269985,-1.075304,-0.536351,-0.931643,-0.501315,0.210838,-0.099349,-0.119824,0.016972,-0.000744,0.252055,0.770196,0.291646643,-0.715732273,0.325654094,-2.078325169,-1.813711527
P_071,18,Male,Asian,,Asian,Hispanic,6,6,5,15,8,40,0.066969188,3.688879454,0.210006635,19,0.530850903,V2,50,50,100,100,50,50,0,0.82,0.96,0.04,0.77,0.23,0.426216114,0.137677041,0.357349096,0.126908841,0.423423277,0.155430751,0.391782605,0.136201978,0.153057102,0.142566001,0.166336061,0.144594151,0.407602941,0.146625641,0.697272628,0.313118595,0.44187808,0.352181276,0.233012895,0.528619417,0.330390265,0.301120387,0.414278972,0.333199308,0.241464111,0.384512438,0.384397515,0.20746071,0.543517823,0.296383977,0.244923505,0.525918336,0.338537315,0.119694843,0.505160438,0.22109465,0.146810954,0.481641174,0.258371576,0.344411839,0.400134207,0.326280101,0.230457939,0.450022805,0.194886273,435.6666667,374.6666667,192.6666667,228,1111.666667,1217.333333,439,520.3333333,715.6666667,721,-0.002792837,0.066074181,-0.467632,0.451692,0.660147,-0.098776,0.576093,0.790006,0.386804,0.110312,-0.866438,0.5294,0.264427,-0.696788,-0.374995,0.601171,-0.003829,-0.639374,-0.081972,-0.459174,-0.594218,0.54551,-0.003596,-0.804566,0.493819,-0.00246,0.014749,-0.01849,-0.463104,0.678165,-0.113596,-0.729247,-0.74907988,-1.306932813,-1.210061217,-1.337169641,-0.485905752
P_075,18,Female,Asian,,Asian,Not Hispanic,13,13,5,12,9,52,1.103911452,3.951243719,1.16461787,19,0.530850903,V1,50,50,100,99,50,50,1,1,1,0,0.515151515,0.484848485,0.543409958,0.223892403,0.576410726,0.21842522,0.76204356,0.259324384,0.559910342,0.220679806,0.248741392,0.272809488,0.250926672,0.268595669,0.660469078,0.260577249,-0.623090133,0.288096127,0.407119218,0.46116011,0.26802693,0.465620125,0.422273448,0.27296074,0.330663828,0.551746096,0.320376526,0.354455981,0.405272497,0.326951577,0.407469125,0.487632883,0.278510514,0.401146464,0.442212932,0.311129046,0.404163895,0.536673645,0.288391604,0.399213861,0.507560814,0.834849168,1.032551574,0.999655955,0.702376787,0.864255648,0.930732312,336.6666667,257.3333333,151.6666667,121,746,818,382,447,692.6666667,581.3333333,0.218633602,0.185632834,3.037453,1.097402,1.523101,3.063654,1.290679,1.516011,-1.127086,-0.279735,0.019066,-0.768756,-0.089107,-0.464575,0.141563,0.926156,-0.007992,0.214047,0.517994,-0.023874,0.432511,-0.162444,-0.208749,0.361386,-0.4617,0.116416,-0.225445,0.067707,-0.871213,-0.133735,0.129537,-0.402684,0.385523994,1.65542522,1.019334437,2.773998972,1.419373797
P_076,18,Female,"Black/African American,Caucasian/White",,Multiracial,Not Hispanic,9,6,15,17,12,59,1.70879444,4.077537444,1.62413704,14,-0.05048438,V2,50,50,100,96,50,49,5,0.94,0.897959184,0.102040816,0.729166667,0.270833333,0.558025606,0.193725748,0.48883612,0.150626755,0.590053821,0.254261017,0.523780305,0.176313394,0.216941891,0.222104482,0.266793427,0.241047301,0.556407267,0.220147088,0.485716288,0.485445547,0.472871871,0.310501715,0.430167297,0.375000309,0.262324719,0.478183637,0.525668355,0.366448131,0.551514478,0.446250769,0.461803793,0.458052956,0.345924655,0.324769751,0.495855562,0.368911537,0.356957492,0.419648536,0.43495909,0.325289991,0.448833484,0.541716334,0.374501416,0.557712138,0.543633106,0.515945667,0.677313944,0.614299106,0.60253203,267.3333333,221.6666667,120.3333333,83.66666667,664,679,353.3333333,401.6666667,491.3333333,472.3333333,0.032028215,0.101217701,-0.790039,-0.000958,-0.059074,-0.648005,0.245831,-0.024762,-0.832163,-1.115782,-0.335079,-0.565313,-0.682941,-0.733715,-0.093079,0.176486,0.036819,0.146271,0.202782,0.682674,-0.56415,-0.63327,-0.055051,-0.426611,-0.531859,0.122402,0.075933,-0.686647,-0.558975,0.088041,-0.927164,-0.44409,0.527024351,0.150804231,0.128085495,-0.690655987,0.074139282
P_078,19,Male,Asian,,Asian,Not Hispanic,5,5,5,5,5,25,-1.229208642,3.218875825,-1.500099525,11,-0.39928555,V2,50,49,100,98,50,49,4,0.959183673,1,0,0.06122449,0.93877551,0.619445641,0.145325036,0.556906492,0.150215124,0.671746776,0.198433149,0.588176066,0.150348483,0.174618778,0.194380504,0.178932279,0.16739222,0.629961421,0.180516582,-2.974873157,0.352670432,0.281798801,0.324909261,0.378419483,0.446090684,0.38751824,0.368277782,0.219162604,0.298792182,0.215301941,0.342205857,0.326130218,0.36911766,0.299317734,0.362400215,0.41890731,0.323232399,0.382957259,0.273249289,0.163648539,0.375646967,0.33194407,0.232632813,0.399253179,0.826761197,0.89461162,0.921149266,0.839930952,0.934443921,0.918123281,349.6666667,253.3333333,115,58.33333333,913.3333333,929.6666667,395,495,603,620.3333333,0.052301135,0.114840284,1.962575,2.182571,1.814673,1.999932,1.987578,2.041326,0.315012,0.468236,0.240852,0.015353,0.306699,0.330018,0.912249,0.381522,0.541736,0.609167,0.646862,0.259038,0.741559,0.044851,0.327928,0.915226,0.538707,0.660412,0.358132,0.028116,0.231624,0.569924,0.108301,0.017911,1.121658056,0.865480208,0.820839363,-0.314253816,0.291227951
P_079,19,Female,Asian,,Asian,Not Hispanic,9,6,5,8,5,33,-0.5379138,3.496507561,-0.489937659,17,0.29831679,V1,50,50,100,100,50,50,0,0.94,1,0,0.76,0.24,0.38569649,0.102034281,0.37782343,0.096580082,0.407964749,0.110316647,0.38175996,0.098920755,0.107639679,0.103457727,0.110145211,0.105903562,0.394862354,0.105332384,0.645462912,0.30015096,0.306901192,0.349960845,0.431437042,0.481212119,0.481758396,0.366666099,0.402662542,0.421441414,0.403156609,0.338185033,0.365244295,0.392055519,0.369086315,0.424159579,0.360886091,0.391560463,0.479327614,0.310017703,0.201371235,0.388023296,0.288202285,0.218092138,0.434993036,0.877977518,0.871121539,0.966163183,0.804029226,0.676201279,0.806048499,261,239.6666667,116,154,855,879,295,458,668.3333333,424.6666667,0.022268259,0.030141319,0.260661,1.355422,0.759113,1.743321,2.333709,1.904808,-1.006486,-0.964485,-1.20109,-0.855859,-0.834534,-0.410534,0.742177,0.380264,0.484009,1.183533,0.096465,0.813112,-0.371724,-0.266935,-0.86109,-0.321949,0.073476,-0.888407,-0.174404,-0.677151,0.531832,-0.008853,-0.351984,0.515162,-1.141367741,-1.442168937,-1.001693411,-0.871866619,-1.058529693
P_080,18,Female,"Caucasian/White,Other (please specify)",Portuguese,Caucasian/White,Not Hispanic,21,7,6,24,13,71,2.745736704,4.262679877,2.297776978,30,1.809788525,V2,50,49,100,99,50,50,2,0.979591837,0.92,0.08,0.737373737,0.262626263,0.518979388,0.169804837,0.508517856,0.178030427,0.651640841,0.286110326,0.513695786,0.173198366,0.245991236,0.24643091,0.310450214,0.278713164,0.582668314,0.245816707,0.528236888,0.281605035,0.437130339,0.272489401,0.325816512,0.394116132,0.315809451,0.302089511,0.362441312,0.333802633,0.252702324,0.300279756,0.365202439,0.314416435,0.372719744,0.349061802,0.283634305,0.358302351,0.337559807,0.321249655,0.402821341,0.301665398,0.280908807,0.400181195,0.322958139,0.636467441,0.596401235,0.636679788,0.743383153,0.610575768,0.726154783,300.6666667,256.3333333,119.3333333,134.6666667,765.3333333,804.6666667,345.3333333,499,764,646.3333333,0.132661453,0.143122985,2.367272,1.909527,1.376204,2.35968,1.987032,1.586485,0.326496,-0.52935,-0.807461,0.238678,-0.273727,-0.348726,0.157573,0.437338,0.410961,0.912478,1.024642,0.576251,0.108213,-1.060844,-0.332061,-0.448617,-1.394313,-0.581883,0.703024,0.963198,0.351401,0.170562,0.861442,-0.206286,0.149001166,0.689587088,0.328387011,1.177775855,0.741939384
P_081,18,Female,Caucasian/White,,Caucasian/White,Hispanic,10,10,5,9,6,40,0.066969188,3.688879454,0.210006635,15,0.065782677,V1,50,49,100,97,50,49,5,0.959183673,0.959183673,0.040816327,0.639175258,0.360824742,0.531239069,0.27382897,0.486169422,0.238332077,0.628046878,0.275621327,0.508704246,0.256370813,0.289235542,0.258574215,0.272883837,0.267591253,0.568069555,0.272091708,0.019473355,0.376248048,0.262887571,0.380497569,0.394960533,0.265000202,0.328900468,0.389107762,0.356626498,0.366041314,0.342016823,0.281978473,0.367355908,0.348704538,0.241835148,0.354453382,0.348402748,0.295575668,0.315982004,0.417380347,0.285369654,0.422890825,0.415413981,0.350129763,0.476920216,0.491483855,0.405398982,0.501163599,0.641508015,0.615381208,0.637243838,331,273.6666667,131.3333333,156,818,828.3333333,318.3333333,406,445,405.3333333,0.096807809,0.141877456,1.675608,1.755092,3.008755,0.867235,0.757108,1.885321,-0.105032,0.90865,1.100016,0.435985,0.682648,0.899589,0.197227,-0.422844,0.427136,0.190699,-0.203247,0.204561,0.064215,0.053821,-0.059348,-0.209385,-0.192484,-0.02807,-0.744538,-0.465948,-0.202847,-0.768695,-0.53449,-0.131231,0.267692397,0.483179589,0.100946443,0.512090328,0.722090708
P_082,19,Female,Caucasian/White,,Caucasian/White,Not Hispanic,9,7,5,17,9,47,0.671852175,3.850147602,0.796780089,0,-1.678223172,V2,50,49,100,97,50,47,7,0.959183673,0.957446809,0.042553191,0.783505155,0.216494845,0.541152794,0.215420276,0.602298702,0.231627082,0.67486639,0.306915369,0.571088811,0.224432069,0.265782299,0.277799779,0.320904319,0.301738721,0.623246454,0.273363226,0.767242451,0.496970569,0.41004043,0.391407787,0.494477176,0.368390032,0.357927955,0.460781565,0.320752212,0.411742936,0.508312729,0.408927132,0.289269277,0.459042755,0.47224735,0.389523238,0.482703394,0.434448414,0.348262119,0.279459567,0.284598738,0.353323998,0.355586498,0.291946334,0.318081782,0.83145967,0.552971605,0.632992915,0.902104057,0.695952651,0.765268417,281.6666667,261.3333333,120.6666667,123,1033.333333,983.3333333,488,532.6666667,814,472,0.133713596,0.072567688,0.994365,1.659961,-1.485189,2.215553,2.613858,-0.483497,-0.064153,-0.080425,-1.787961,0.001162,0.01246,-1.604251,0.817227,0.881124,0.045495,1.0376,1.120588,0.286338,-0.13845,-0.237161,-1.815602,-0.015265,-0.250337,-1.652157,0.034705,0.607134,-1.072051,0.013531,0.7137,-0.93216,0.363671421,0.892771585,1.282797013,1.197310728,-0.382425613
P_088,18,Female,Caucasian/White,,Caucasian/White,Hispanic,5,5,5,6,6,27,-1.056384932,3.295836866,-1.220077112,10,-0.515552606,V1,50,49,100,99,50,50,2,0.979591837,1,0,0.565656566,0.434343434,0.582445461,0.192355292,0.573704966,0.146043913,0.679524192,0.223323366,0.57803107,0.169724561,0.207190573,0.200682398,0.232477682,0.205417434,0.628777631,0.204275469,-0.361424901,0.438382763,0.380251929,0.423500956,0.375488782,0.410482974,0.362665608,0.442325688,0.375116086,0.514008338,0.344813887,0.267513772,0.241326702,0.509536978,0.441690172,0.430734053,0.476004905,0.375492088,0.407210403,0.320965186,0.419626774,0.34554135,0.40524339,0.385228757,0.333208003,0.990429271,1.066808067,1.014238308,0.99335848,1.07205557,1.023877325,316.6666667,247,114,116.3333333,763.6666667,844.3333333,330.6666667,454,618,509.3333333,0.097078731,0.105819226,-0.733803,0.783509,0.304369,0.898314,2.028022,1.720639,-0.001983,0.744386,-0.456842,0.102713,0.866557,0.218683,0.292313,0.445644,-0.01008,0.439324,0.854473,0.582268,-0.467649,-0.080575,-0.574661,-0.455107,0.012102,-0.522792,0.605215,-0.50255,-0.400393,0.605327,-0.091673,-0.490938,0.763443442,0.933519519,0.991797851,0.517120468,0.14746891
P_092,19,Male,Black/African American,,Black/African American,Not Hispanic,9,7,5,9,5,35,-0.365090089,3.555348061,-0.275846756,27,1.460987356,V1,50,50,100,99,50,50,1,0.94,1,0,0.616161616,0.383838384,0.27303648,0.130604825,0.263880044,0.141690252,0.310974134,0.139045122,0.268458262,0.135648448,0.150614467,0.127412588,0.163108966,0.122315852,0.289609374,0.138649018,-0.099759669,0.338220694,0.32330563,0.383387827,0.351936571,0.301659645,0.390813006,0.336381056,0.306525913,0.356503901,0.293549753,0.332570886,0.349470665,0.381789373,0.334007155,0.399291272,0.406668905,0.401489487,0.345073798,0.429749514,0.471198564,0.437558921,0.36848332,0.366933431,0.375337065,0.534650525,0.600139873,0.489665387,0.776674699,0.891249607,0.722166274,389.3333333,337,227.6666667,243.6666667,987,1029,423,538,607,369.3333333,0.037937654,0.04709409,1.151402,0.05546,-0.157556,1.080448,0.734962,0.512393,-0.057496,0.023663,-0.673475,0.843791,-0.332807,0.383506,0.012284,-0.198418,0.254733,0.689843,0.195032,0.328649,0.063044,-0.227827,0.146518,0.06849,-0.12696,-0.445677,-0.342382,-0.65119,-0.71716,-0.096953,-0.117337,-0.469885,-2.232077623,-2.290673714,-2.161298083,-0.58093693,-0.788371348
P_093,18,Female,Caucasian/White,,Caucasian/White,Not Hispanic,5,5,5,5,5,25,-1.229208642,3.218875825,-1.500099525,5,-1.096887889,V1,50,50,100,100,50,50,0,0.84,0.96,0.04,0.51,0.49,0.39143126,0.13384105,0.384848044,0.190387198,0.40430768,0.195514222,0.388139652,0.163761293,0.183388279,0.172871026,0.196018425,0.188774583,0.396223666,0.180066765,-0.649779986,0.326370135,0.44603434,0.190381666,0.208418415,0.47647303,0.154149483,0.33571093,0.503805951,0.31991303,0.289615165,0.453205976,0.286365386,0.333666649,0.37444862,0.317286646,0.313216426,0.486923375,0.317812254,0.410276214,0.607823063,0.388451763,0.455422878,0.606125117,0.395000542,0.551054645,0.704772658,0.542631528,0.526789183,0.712106881,0.550545434,310.6666667,256,116.3333333,114,919.3333333,859,352,507.6666667,704,516.3333333,0.01287642,0.019459636,1.030909,3.199912,1.505926,1.720405,3.632434,2.264998,0.475769,0.908878,0.243032,0.595416,0.46676,-0.010751,-0.477375,1.30708,0.832537,0.578274,1.506952,0.220647,0.034096,0.30368,-0.176676,-0.466569,0.320283,-0.318344,1.192364,1.821746,1.478318,1.098586,1.400433,1.401161,-1.085846973,-1.474162141,-0.93020374,-1.046242515,-1.228752355
P_099,18,Female,Asian,,Asian,Not Hispanic,8,8,5,12,5,38,-0.105854523,3.63758616,0.023376207,11,-0.39928555,V1,50,50,100,100,50,50,0,0.98,1,0,0.7,0.3,0.441013944,0.21768809,0.372812932,0.089928604,0.505086086,0.196335311,0.406913438,0.169210052,0.134056419,0.215928991,0.16180396,0.210342586,0.455999762,0.189321367,0.334604617,0.421697938,0.26854506,0.421192276,0.422413225,0.302319342,0.463514282,0.362403994,0.292436439,0.447884716,0.405324427,0.269467793,0.398363718,0.44727799,0.338045388,0.543577841,0.392784603,0.296896865,0.511862543,0.427394276,0.320390875,0.501531711,0.392170134,0.309893557,0.559174196,0.44233854,0.363685693,0.616378246,0.703588269,0.608425616,0.715792253,412,365,199,213.6666667,1029,1057,407.6666667,521.6666667,593.6666667,675.3333333,0.064072142,0.132273154,1.354715,3.370714,1.781718,0.226722,2.519655,0.739424,-0.673998,-0.642713,-0.409014,-0.811738,-0.651187,-0.465657,0.414519,1.29437,1.224027,0.299333,1.592511,1.684157,-0.78545,-0.215028,-1.283541,-0.535714,-0.103451,-0.982897,0.151281,-0.397906,-0.418883,0.035071,0.093051,-0.36049,-0.60581574,-0.592520563,-1.052685374,-0.09570451,0.569037125
P_101,19,Female,Caucasian/White,,Caucasian/White,Not Hispanic,5,5,5,5,5,25,-1.229208642,3.218875825,-1.500099525,9,-0.631819663,V2,50,50,100,100,50,50,0,0.96,1,0,0.6,0.4,0.547089252,0.14678751,0.490874438,0.139501355,0.633732568,0.204160135,0.518981845,0.145239457,0.180495171,0.18523317,0.211146339,0.198020016,0.576357207,0.185845841,-0.183492543,0.131736789,0.39615216,0.186659671,0.117573318,0.446826652,0.204342571,0.149968642,0.428202511,0.347230103,0.282856001,0.52837279,0.308300913,0.186335443,0.425905387,0.248636441,0.180808819,0.436007871,0.21191403,0.149295285,0.399011723,0.24204288,0.177844377,0.3988045,0.29007687,0.571412832,0.685181186,0.434646017,0.484984095,0.711901853,0.527119562,334,226.6666667,105.3333333,95,864.6666667,909.3333333,357.6666667,468,719.6666667,630.3333333,0.086643316,0.14285813,1.733256,1.867643,1.914776,2.355029,2.524069,1.768055,0.068909,0.214596,-0.045412,-0.48047,-0.430667,0.056556,-0.154087,0.294987,-0.442001,-0.180784,1.498732,0.527748,0.577737,0.606109,-0.159908,0.559042,1.05154,-0.183418,-1.429232,-1.743156,-1.624419,-0.690485,-1.312152,-1.099385,0.421144817,0.532919815,0.148829508,0.323368761,0.73771867